<?xml version="1.0" encoding="UTF-8"?>
<project-private xmlns="http://www.netbeans.org/ns/project-private/1">
    <editor-bookmarks xmlns="http://www.netbeans.org/ns/editor-bookmarks/2" lastBookmarkId="0"/>
    <open-files xmlns="http://www.netbeans.org/ns/projectui-open-files/2">
        <group>
            <file>file:/home/serra/Documents/Teaching/HEB/FX/Demo/src/ui/App1_Hello.java</file>
            <file>file:/home/serra/Documents/Teaching/HEB/FX/Demo/src/ui/App4_Handler_Detail.java</file>
            <file>file:/home/serra/Documents/Teaching/HEB/FX/Demo/src/main/Main.java</file>
            <file>file:/home/serra/Documents/Teaching/HEB/FX/Demo/src/ui/App3_Handler.java</file>
            <file>file:/home/serra/Documents/Teaching/HEB/FX/Demo/src/ui/App2_Components.java</file>
        </group>
    </open-files>
</project-private>
